{
  "version": 1,
  "author": "Anonymous maker",
  "editor": "wokwi",
  "parts": [
    { "type": "wokwi-arduino-uno", "id": "uno", "top": 88.34, "left": -329.33, "attrs": {} },
    { "type": "wokwi-servo", "id": "servo1", "top": -12.63, "left": -23.44, "attrs": {} },
    {
      "type": "wokwi-analog-joystick",
      "id": "joystick1",
      "top": 126.73,
      "left": 4.79,
      "attrs": {}
    }
  ],
  "connections": [
    [ "servo1:GND", "uno:GND.1", "black", [ "h0" ] ],
    [ "servo1:V+", "uno:5V", "red", [ "h-18.22", "v260.9", "h-127.55", "v-27.93" ] ],
    [ "uno:9", "servo1:PWM", "blue", [ "v0" ] ],
    [ "joystick1:VCC", "uno:5V", "red", [ "v65.86", "h-207.12" ] ],
    [ "joystick1:GND", "uno:GND.2", "black", [ "v74.97", "h-236.87" ] ],
    [ "joystick1:SEL", "uno:1", "green", [ "v21.98", "h-91.49", "v-193.73", "h-50.5" ] ],
    [ "joystick1:VERT", "uno:A0", "gold", [ "v90.7", "h-169.98" ] ],
    [ "joystick1:HORZ", "uno:A1", "cyan", [ "v100.64", "h-168.82" ] ]
  ],
  "dependencies": {}
}